{
  "precision": 0.032089063523248196,
  "recall": 1.0,
  "f1": 0.06218274111675127,
  "roc_auc": 0.9998758225856466,
  "pr_auc": 0.9733589662093876,
  "threshold": 1.0672281980514526,
  "n_test_samples": 56962,
  "fraud_detected": 3054,
  "total_fraud": 98,
  "trained_at": "2026-04-09T16:28:41.479568+00:00",
  "n_train_samples": 199019,
  "contamination": 0.95,
  "feature_cols": [
    "V1",
    "V2",
    "V3",
    "V4",
    "V5",
    "V6",
    "V7",
    "V8",
    "V9",
    "V10",
    "V11",
    "V12",
    "V13",
    "V14",
    "V15",
    "V16",
    "V17",
    "V18",
    "V19",
    "V20",
    "V21",
    "V22",
    "V23",
    "V24",
    "V25",
    "V26",
    "V27",
    "V28",
    "Amount",
    "hour_of_day",
    "day_of_week",
    "txn_velocity_1h",
    "Amount_log",
    "amount_zscore",
    "is_night",
    "high_velocity"
  ],
  "training_seconds": 143.23,
  "train_losses": [
    0.7176800787846309,
    0.7172250033969708,
    0.7166742214263757,
    0.7161762352027339,
    0.7155901199764355
  ],
  "val_losses": [
    0.7195451855659485,
    0.7194534540176392,
    0.7186279892921448,
    0.7202090620994568,
    0.7180732488632202
  ]
}